{
  "model_name": "RF",
  "roc_auc": 0.775133123756977,
  "accuracy": 0.7023809523809523,
  "precision": 0.646551724137931,
  "recall": 0.6880733944954128,
  "f1": 0.6666666666666666,
  "cm": [
    [
      102,
      41
    ],
    [
      34,
      75
    ]
  ],
  "cv_roc_auc": 0.7347760728885955,
  "saved_at": "20250910-162917",
  "path": "models/disclosure_best_RF_20250910-162917.joblib",
  "decision_threshold": 0.44,
  "confusion_matrix_at_threshold": [
    [
      91,
      52
    ],
    [
      15,
      94
    ]
  ],
  "operating_point_metrics": {
    "precision": 0.644,
    "recall": 0.862,
    "specificity": 0.636,
    "accuracy": 0.734,
    "f1": 0.737
  }
}