{
  "model_name": "LogReg",
  "cv_roc_auc": 0.7255881180223286,
  "test_roc_auc": 0.8059921729646501,
  "test_accuracy": 0.7301587301587301,
  "test_precision": 0.6722689075630253,
  "test_recall": 0.7339449541284404,
  "test_f1": 0.7017543859649122,
  "confusion_matrix": [
    [
      104,
      39
    ],
    [
      29,
      80
    ]
  ],
  "saved_at": "20250910-160101",
  "path": "models/disclosure_LogReg_20250910-160101.joblib"
}