model,cv_auc
RF,0.7347760728885955
MLP,0.7304053465691396
LogReg,0.7267620625492677
GBC,0.7259944041137325
