{
  "model_name": "MLP",
  "roc_auc": 0.6220503315035288,
  "accuracy": 0.6468253968253969,
  "precision": 0.6886792452830188,
  "recall": 0.863905325443787,
  "f1": 0.7664041994750657,
  "cm": [
    [
      17,
      66
    ],
    [
      23,
      146
    ]
  ],
  "cv_roc_auc": 0.6993547864476801,
  "saved_at": "20250910-163023",
  "path": "models/risk_best_MLP_20250910-163023.joblib"
}